keyword,category,intent,article_type,priority,title_idea
バーチャルオフィス おすすめ,comparison,比較,ランキング記事,高,【2026年最新】バーチャルオフィスおすすめ10選を徹底比較
バーチャルオフィス 比較,comparison,比較,比較記事,高,バーチャルオフィス主要10社を料金・サービスで徹底比較
バーチャルオフィス 格安,comparison,比較,ランキング記事,高,月額500円台から！格安バーチャルオフィスおすすめ6選
バーチャルオフィス 個人事業主 おすすめ,comparison,比較,ランキング記事,高,個人事業主におすすめのバーチャルオフィス7選【開業届対応】
バーチャルオフィス 法人登記 おすすめ,comparison,比較,ランキング記事,高,法人登記できるバーチャルオフィスおすすめ8選【料金比較あり】
バーチャルオフィス ランキング,comparison,比較,ランキング記事,中,【人気順】バーチャルオフィスランキングTOP10
バーチャルオフィス 料金 比較,comparison,比較,比較記事,高,バーチャルオフィスの料金を完全比較！月額最安はどこ？
バーチャルオフィス 住所のみ 安い,comparison,比較,ランキング記事,中,住所だけ借りたい人向け！最安バーチャルオフィス5選
バーチャルオフィス 郵便転送 おすすめ,comparison,比較,ランキング記事,中,郵便転送サービス付きバーチャルオフィスおすすめ6選
バーチャルオフィス 電話転送 おすすめ,comparison,比較,ランキング記事,中,電話転送・電話代行付きバーチャルオフィスおすすめ5選
バーチャルオフィス 女性 おすすめ,comparison,比較,ランキング記事,中,女性フリーランスにおすすめのバーチャルオフィス5選
バーチャルオフィス 会議室 付き,comparison,比較,ランキング記事,中,会議室が使えるバーチャルオフィスおすすめ6選
バーチャルオフィス 副業 おすすめ,comparison,比較,ランキング記事,高,副業にバーチャルオフィスは必要？おすすめサービス5選
バーチャルオフィス 起業 おすすめ,comparison,比較,ランキング記事,中,起業・独立時に選ぶべきバーチャルオフィスおすすめ7選
GMOオフィスサポート 口コミ,review,商標,レビュー記事,高,【実体験】GMOオフィスサポートの口コミ・評判を徹底レビュー
GMOオフィスサポート 評判,review,商標,レビュー記事,高,GMOオフィスサポートの評判は？実際に使って分かったメリット・デメリット
GMOオフィスサポート 料金,review,商標,レビュー記事,高,GMOオフィスサポートの料金プランを完全解説【最安660円〜】
GMOオフィスサポート デメリット,review,商標,レビュー記事,高,GMOオフィスサポートのデメリット5つ｜契約前に知るべき注意点
GMOオフィスサポート 法人登記,review,商標,レビュー記事,中,GMOオフィスサポートで法人登記する手順と注意点
GMOオフィスサポート 審査,review,商標,レビュー記事,中,GMOオフィスサポートの審査は厳しい？申込から利用開始までの流れ
GMOオフィスサポート 解約,review,商標,レビュー記事,中,GMOオフィスサポートの解約方法と注意点【違約金はある？】
レゾナンス バーチャルオフィス 口コミ,review,商標,レビュー記事,高,レゾナンスの口コミ・評判は？料金や特徴を徹底レビュー
レゾナンス バーチャルオフィス 評判,review,商標,レビュー記事,中,レゾナンスの評判を調査！安さの秘密とデメリットを解説
NAWABARI 口コミ,review,商標,レビュー記事,高,NAWABARI（ナワバリ）の口コミ・評判は？ネットショップ運営者に人気の理由
NAWABARI 評判,review,商標,レビュー記事,中,NAWABARIの評判を徹底調査！月額1100円の実力は？
DMMバーチャルオフィス 口コミ,review,商標,レビュー記事,高,DMMバーチャルオフィスの口コミ・評判｜大手ならではの安心感
DMMバーチャルオフィス 評判,review,商標,レビュー記事,中,DMMバーチャルオフィスの評判は？料金・サービスを徹底解説
和文化推進協会 バーチャルオフィス 口コミ,review,商標,レビュー記事,中,和文化推進協会の口コミ・評判｜月額500円の最安バーチャルオフィス
バーチャルオフィス1 口コミ,review,商標,レビュー記事,中,バーチャルオフィス1の口コミ・評判｜渋谷住所が月額880円
ワンストップビジネスセンター 口コミ,review,商標,レビュー記事,中,ワンストップビジネスセンターの口コミ・評判を徹底調査
GMOオフィスサポート vs レゾナンス,comparison,比較,比較記事,高,GMOオフィスサポートとレゾナンスを徹底比較！どっちがおすすめ？
GMOオフィスサポート vs NAWABARI,comparison,比較,比較記事,高,GMOオフィスサポートとNAWABARIを比較！用途別おすすめは？
GMOオフィスサポート vs DMMバーチャルオフィス,comparison,比較,比較記事,高,GMOとDMMのバーチャルオフィスを比較！大手2社の違いとは
レゾナンス vs NAWABARI,comparison,比較,比較記事,中,レゾナンスとNAWABARIを徹底比較！格安2社の選び方
レゾナンス vs DMMバーチャルオフィス,comparison,比較,比較記事,中,レゾナンスとDMMバーチャルオフィスを比較！料金差は？
NAWABARI vs DMMバーチャルオフィス,comparison,比較,比較記事,中,NAWABARIとDMMバーチャルオフィスを比較！ネットショップならどっち？
GMOオフィスサポート vs 和文化推進協会,comparison,比較,比較記事,中,GMOオフィスサポートと和文化推進協会を比較！最安はどっち？
バーチャルオフィス1 vs GMOオフィスサポート,comparison,比較,比較記事,中,バーチャルオフィス1とGMOオフィスサポートを比較
レゾナンス vs ワンストップビジネスセンター,comparison,比較,比較記事,低,レゾナンスとワンストップビジネスセンターを比較
GMO vs レゾナンス vs NAWABARI,comparison,比較,比較記事,高,【3社比較】GMO・レゾナンス・NAWABARIどれがおすすめ？
バーチャルオフィス 格安 3社 比較,comparison,比較,比較記事,中,格安バーチャルオフィス3社を徹底比較【月額1000円以下】
バーチャルオフィス 東京,area,情報,まとめ記事,高,東京のバーチャルオフィスおすすめ10選【エリア別に紹介】
バーチャルオフィス 渋谷,area,情報,まとめ記事,高,渋谷のバーチャルオフィスおすすめ6選【住所で信頼感UP】
バーチャルオフィス 銀座,area,情報,まとめ記事,中,銀座のバーチャルオフィスおすすめ5選【一等地住所を格安で】
バーチャルオフィス 新宿,area,情報,まとめ記事,中,新宿のバーチャルオフィスおすすめ5選【アクセス抜群】
バーチャルオフィス 大阪,area,情報,まとめ記事,高,大阪のバーチャルオフィスおすすめ8選【梅田・心斎橋エリア】
バーチャルオフィス 名古屋,area,情報,まとめ記事,中,名古屋のバーチャルオフィスおすすめ5選【栄・名駅エリア】
バーチャルオフィス 福岡,area,情報,まとめ記事,中,福岡のバーチャルオフィスおすすめ5選【天神・博多エリア】
バーチャルオフィス 横浜,area,情報,まとめ記事,中,横浜のバーチャルオフィスおすすめ5選
バーチャルオフィス 札幌,area,情報,まとめ記事,低,札幌のバーチャルオフィスおすすめ3選
バーチャルオフィス 京都,area,情報,まとめ記事,低,京都のバーチャルオフィスおすすめ4選
バーチャルオフィス 仙台,area,情報,まとめ記事,低,仙台のバーチャルオフィスおすすめ3選
バーチャルオフィス 広島,area,情報,まとめ記事,低,広島のバーチャルオフィスおすすめ3選
バーチャルオフィス 青山,area,情報,まとめ記事,中,青山・表参道のバーチャルオフィスおすすめ4選
バーチャルオフィス 品川,area,情報,まとめ記事,低,品川のバーチャルオフィスおすすめ3選
バーチャルオフィス フリーランス,howto,情報,ハウツー記事,高,フリーランスにバーチャルオフィスは必要？メリットと選び方
バーチャルオフィス ネットショップ,howto,情報,ハウツー記事,高,ネットショップ運営にバーチャルオフィスは必須？特定商取引法対策
バーチャルオフィス 法人登記,howto,情報,ハウツー記事,高,バーチャルオフィスで法人登記する方法と注意点【完全ガイド】
バーチャルオフィス 個人事業主 開業届,howto,情報,ハウツー記事,高,バーチャルオフィスの住所で開業届を出す方法
バーチャルオフィス 確定申告,howto,情報,ハウツー記事,中,バーチャルオフィスの費用は経費になる？確定申告の書き方
バーチャルオフィス 銀行口座 開設,howto,情報,ハウツー記事,高,バーチャルオフィスで銀行口座は開設できる？対応銀行と手順
バーチャルオフィス 住所変更 手続き,howto,情報,ハウツー記事,中,バーチャルオフィスの住所変更手続きまとめ【法人・個人】
バーチャルオフィス 契約 流れ,howto,情報,ハウツー記事,中,バーチャルオフィスの契約の流れ｜申込から利用開始まで
バーチャルオフィス 選び方,howto,情報,ハウツー記事,高,失敗しないバーチャルオフィスの選び方7つのポイント
バーチャルオフィス 使い方,howto,情報,ハウツー記事,中,バーチャルオフィスの使い方を完全解説【初心者向け】
バーチャルオフィス 郵便物 届き方,howto,情報,ハウツー記事,中,バーチャルオフィスの郵便物はどう届く？転送の仕組みを解説
バーチャルオフィス 名刺 住所,howto,情報,ハウツー記事,中,バーチャルオフィスの住所を名刺に記載する方法と注意点
バーチャルオフィス 電話番号,howto,情報,ハウツー記事,中,バーチャルオフィスの電話番号サービスを徹底解説
バーチャルオフィス 会計ソフト 連携,howto,情報,ハウツー記事,低,バーチャルオフィスの費用を会計ソフトで処理する方法
バーチャルオフィス 引っ越し,howto,情報,ハウツー記事,低,バーチャルオフィスを乗り換える際の手順と注意点
バーチャルオフィス 届出 必要,howto,情報,ハウツー記事,中,バーチャルオフィスで必要な届出一覧【開業届・登記・許認可】
バーチャルオフィス デメリット,concern,悩み,ハウツー記事,高,バーチャルオフィスのデメリット7選｜契約前に必ず確認
バーチャルオフィス 怪しい,concern,悩み,ハウツー記事,高,バーチャルオフィスは怪しい？信頼できるサービスの見分け方
バーチャルオフィス 違法,concern,悩み,ハウツー記事,高,バーチャルオフィスは違法？合法的に使うための注意点
バーチャルオフィス バレる,concern,悩み,ハウツー記事,高,バーチャルオフィスの住所はバレる？取引先や銀行への影響
バーチャルオフィス 住所 バレたくない,concern,悩み,ハウツー記事,高,自宅住所を公開したくない！バーチャルオフィスで解決する方法
特定商取引法 住所 バーチャルオフィス,concern,悩み,ハウツー記事,高,特定商取引法の住所表示にバーチャルオフィスは使える？
バーチャルオフィス 信用,concern,悩み,ハウツー記事,中,バーチャルオフィスは信用される？取引先への印象と対策
バーチャルオフィス 銀行口座 断られた,concern,悩み,ハウツー記事,中,バーチャルオフィスで銀行口座の開設を断られたときの対処法
バーチャルオフィス 税務署 問題,concern,悩み,ハウツー記事,中,バーチャルオフィスは税務署に問題ない？確定申告の注意点
バーチャルオフィス 勘定科目,concern,悩み,ハウツー記事,中,バーチャルオフィスの勘定科目は？仕訳方法を解説
バーチャルオフィス レンタルオフィス 違い,concern,情報,ハウツー記事,高,バーチャルオフィスとレンタルオフィスの違いを徹底解説
バーチャルオフィス コワーキングスペース 違い,concern,情報,ハウツー記事,中,バーチャルオフィスとコワーキングスペースの違いは？
バーチャルオフィス 自宅 どっち,concern,悩み,ハウツー記事,高,バーチャルオフィスと自宅住所どっちがいい？メリット比較
バーチャルオフィス メリット,concern,情報,ハウツー記事,高,バーチャルオフィスのメリット10選｜使うべき人の特徴
バーチャルオフィス 許認可 取れない,concern,悩み,ハウツー記事,中,バーチャルオフィスで許認可は取れる？業種別の対応状況
バーチャルオフィス 融資 影響,concern,悩み,ハウツー記事,中,バーチャルオフィスは融資に影響する？日本政策金融公庫の対応
バーチャルオフィス 犯罪 リスク,concern,悩み,ハウツー記事,中,バーチャルオフィスの犯罪利用リスクと安全なサービスの選び方
バーチャルオフィス 経費 いくら,concern,悩み,ハウツー記事,中,バーチャルオフィスの経費は月いくら？費用の相場と節約術
バーチャルオフィス とは,concern,情報,ハウツー記事,高,バーチャルオフィスとは？仕組み・料金・メリットを初心者向けに解説
バーチャルオフィス 契約 注意点,concern,悩み,ハウツー記事,中,バーチャルオフィス契約時の注意点8つ【後悔しないために】
バーチャルオフィス 評判 悪い,concern,悩み,ハウツー記事,中,バーチャルオフィスの評判が悪い理由は？実態を徹底調査
バーチャルオフィス 最低契約期間,concern,悩み,ハウツー記事,低,バーチャルオフィスの最低契約期間を比較｜縛りなしはある？
バーチャルオフィス 住民票 移せる,concern,悩み,ハウツー記事,低,バーチャルオフィスに住民票は移せる？住所利用の制限を解説
バーチャルオフィス Amazon 出品,howto,情報,ハウツー記事,中,バーチャルオフィスでAmazon出品はできる？住所利用の注意点
バーチャルオフィス メルカリ,howto,情報,ハウツー記事,中,メルカリ・メルカリShopsにバーチャルオフィスは使える？
バーチャルオフィス BASE,howto,情報,ハウツー記事,中,BASEでネットショップ開設時にバーチャルオフィスを使う方法
バーチャルオフィス Shopify,howto,情報,ハウツー記事,低,Shopifyストアの特商法表示にバーチャルオフィスは使える？
バーチャルオフィス YouTube 住所,howto,情報,ハウツー記事,低,YouTuber・配信者がバーチャルオフィスを使うメリット
バーチャルオフィス IT補助金,howto,情報,ハウツー記事,低,バーチャルオフィスの費用にIT補助金は使える？
